,bbknn_bt_b,bbknn_bt,base_bt_b,base_bt,regr_bt_b,regr_bt,combat_bt_b,combat_bt,scanorama_bt_b,scanorama_bt,mnn_bt_b,mnn_bt
0,0.01143234207286399,0.07629758739966482,0.012630343,0.075427316,-0.0067840507,0.07524182,-0.0041313643040175,0.0686279603922592,-0.008551926,0.09326748,0.00029725418,0.08377527
1,0.011034410364812135,0.08208926435208576,0.011214893,0.08021927,-0.0022339078,0.08159522,-0.0034020447460002,0.0697999555691299,0.0023862715,0.114293255,0.02738664,0.052088637
2,0.005548259690225237,0.0006847451363578812,0.0071883993,-0.003920615,-0.0021745083,0.00075686566,-0.0033674670461404,-0.0004978989519077,0.0063225473,-0.003680181,0.0032052544,-0.013529471
3,0.004478502592025644,0.0027609578224552225,0.009400992,0.0022755652,-0.0059462744,-4.340066e-05,-0.0030538757179866,0.0055756388760022,0.0030005947,0.025115456,0.00913636,0.015573168
4,0.009268292445366198,0.0710593507076171,0.014241556,0.068128884,-0.007773699,0.074467584,-0.003243908159941,0.0639113727978846,-0.0006202827,0.10562508,0.009009166,0.08852794
5,0.0031740870955615655,0.05430454316428133,0.0065773525,0.05108964,-0.014474064,0.04922713,-0.0054648901167199,0.0458269706831087,0.0008163181,0.0729075,0.03180077,0.008578134
6,0.00868746547019491,0.07273195325953702,0.0114449505,0.071581885,-0.006634312,0.06818488,-0.0042067569917835,0.0636079016928902,-0.0020329116,0.09311181,-0.021961309,0.06150313
7,0.008823515090903084,0.08080867397669544,0.011562507,0.077509515,-0.0028107634,0.07895299,-0.0037402546931005,0.0644561529254039,-0.0037673973,0.09592266,0.008511153,0.07006139
8,0.0038864739752756945,0.06641067266704417,0.007077556,0.06340033,-0.0031274841,0.07017664,-0.0070635500373143,0.0635547914133543,-0.005526487,0.09494915,-0.0046938127,0.071377344
9,0.014964844245591856,0.08112847499976067,0.016215209,0.0763229,-0.0054760897,0.08025664,-0.0023372209683795,0.06937743825492,-0.00661574,0.10613369,-0.0029496194,0.086292505
10,0.0001894487652569581,0.008791107290110537,0.002705076,0.004679093,-0.025589358,-0.009025443,-0.006880383047725,4.201030377647349e-05,0.0018097862,0.023940912,0.011601455,0.0061021163
11,0.0054204571738476585,0.08425367820519372,0.011330024,0.082767025,-0.005840516,0.084352784,-0.0039028454601191,0.0745921856499054,-0.002366202,0.093807384,0.011330745,0.0622095
12,0.016155437900264528,0.07712353441518548,0.018625941,0.07429659,-0.006903255,0.07531004,-0.0016453831341571,0.0712120261763151,-0.0016160302,0.11455113,0.009834722,0.08301201
13,0.0071345049117873625,0.08604448482715996,0.007663628,0.08156751,-0.00650337,0.078137234,-0.0071193492460772,0.0669685546678972,-0.0011895426,0.10568264,0.028628109,0.038578056
14,0.006021690897390257,0.08366465528665454,0.010348042,0.08054511,-0.0077636414,0.082352914,-0.0053598392653715,0.074436042041364,-0.0057864906,0.09007775,-0.0011029997,0.07957972
15,0.011366753137008221,-0.01660295937778701,0.011861462,-0.018747047,-0.002446564,-0.010569075,-0.0040475141437387,-0.0082686597177241,0.0008265154,-0.03559024,0.02436816,-0.08092392
16,0.00714292945888876,0.08507872425192137,0.009197886,0.08115001,-0.006678331,0.08100025,-0.0077090325276674,0.0705645553011965,-0.006795807,0.09562807,-0.00077007164,0.08098661
17,0.009559014878777458,0.06243024427267458,0.010638391,0.062010814,-0.0060288114,0.06917025,-0.007868731851019,0.0627230745686613,-0.008513419,0.10131329,-0.014107238,0.07590454
18,0.0023552420305573583,0.07965171459485813,0.006642134,0.07552312,-0.0038445743,0.07116648,-0.009233096255896,0.0608560684956492,-0.007969612,0.09384386,0.0013116446,0.06599711
19,0.01118284197580207,0.08761591911374815,0.011274355,0.083267055,-0.006301643,0.07607938,-0.0054419108734499,0.0635218067445777,0.000390094,0.09966014,-0.016178282,0.07713422
20,0.007554319564733925,0.07654666422960053,0.010671838,0.07401372,-0.006084892,0.07382229,-0.0058250920061955,0.067088848503088,-0.007793412,0.097154275,-0.017277753,0.0818472
21,-0.0035787581633112014,0.002024680485586171,-0.0022034245,-0.00055165484,-0.017855315,-0.010135074,-0.0051558127131022,0.0034631096880341,0.0134749105,0.04554187,0.036949966,-0.069870904
22,0.01282322688127001,0.06697668152184955,0.015002782,0.06461109,-0.0060082446,0.07108938,-0.0039166676703978,0.0656758490633619,-0.0068602366,0.08752003,-0.0038147126,0.07792246
23,-0.002746530229090299,0.003019384521997367,0.0018969344,0.0019292992,-0.015611693,-0.0062294095,-0.0083693575339985,-0.0057122657089416,0.014900632,0.016383454,0.03862329,-0.09749085
24,0.011741851224672127,0.07038722930939852,0.0126341665,0.06635962,-0.00862988,0.05996375,-0.0075160229774596,0.0528050299434694,-0.00797611,0.080638535,-0.048903655,0.05317226
25,0.004128422516159374,0.0726686028387481,0.0070334617,0.06851035,-0.0066606654,0.07030094,-0.0077636719181742,0.061357169112435,-0.0068804533,0.08685721,0.00061618484,0.06760779
26,0.010668240298267961,0.06291495771092576,0.011550149,0.06194134,-0.0049348273,0.060647473,-0.0048075865121065,0.055112200113474,-0.0038203534,0.098458156,0.0018992265,0.07552975
27,0.0018202384152956365,0.08303231967860374,0.007818638,0.08091071,-0.004572925,0.076764196,-0.0077959614026829,0.0656164070072331,-0.006002591,0.07928248,0.012745692,0.05331787
28,0.005777098362589244,0.050596522800657906,0.011335845,0.04845117,-0.007149824,0.04378925,-0.0051235142490387,0.0420552249646672,-0.007260046,0.07207103,-0.012646867,0.05696833
29,0.00840051045750138,-0.0033020957948807486,0.012491641,-0.0051835803,-0.017911822,-0.0060806056,-0.0066203151422874,-0.0036185626373547,0.010900576,0.036385346,-0.012383763,-0.0012751492
30,0.004209632550117366,0.06539366320209906,0.005425067,0.06416276,-0.006002584,0.06319628,-0.0063172636008529,0.056662960819222,-0.0011389719,0.10238329,0.0006810012,0.08336581
31,0.0034454772622268346,0.06172183137392308,0.007945152,0.05833819,-0.0066321134,0.05362398,-0.0039726146865622,0.04839883881089,-0.0018307235,0.09540864,0.024592487,0.05644538
32,0.013741026745342211,0.06514683863272788,0.01472414,0.062642336,-0.010036494,0.06800358,-0.0024192909892548,0.0589844183131195,0.0009176262,0.09427645,0.012366747,0.06933223
33,0.01287423184726185,0.06311961573421643,0.014059783,0.062713854,-0.007741335,0.06436102,-0.0045057165939557,0.0581393499784214,0.0006479403,0.09015206,-0.0023059265,0.07913358
34,0.014568278424967194,0.06167565572253723,0.016522564,0.057629004,-0.006086169,0.06021056,-0.0021144516720943,0.0551111345316532,-0.0040452485,0.08248644,0.0012040867,0.06366828
35,0.010428617021614201,0.0604393508336255,0.011003078,0.058077894,-0.0069577447,0.057894748,-0.0028750485635909,0.0578768190439532,0.0018365048,0.09545558,0.013994996,0.081375
36,0.0005441645704749257,0.005558345103240721,0.0034474104,0.0010364352,-0.019602591,-0.0032079616,-0.0097851174713377,0.0007795533925816,0.012812744,0.04263423,-0.0009087423,-0.019993084
37,0.018680154175235487,0.06972591405304308,0.018933179,0.06753403,-0.0073011424,0.07936683,-0.0002049741648378,0.0678692390686142,-0.0026381332,0.11044482,-0.056863848,0.07207005
38,0.009674517012223265,0.0749993636717574,0.0098104,0.0700745,-0.004620202,0.0765731,-0.0047627940607713,0.0614808053346195,-0.0046401154,0.10258677,0.018454397,0.0677211
39,0.014386637185020878,0.08192817958234916,0.018529382,0.078468755,-0.008514862,0.092429556,-0.0022475279697365,0.0772093225640027,0.0019758174,0.10341719,0.008631402,0.09236528
40,0.005662011587453118,0.07512124862253096,0.008724393,0.07500039,-0.0031969845,0.07769536,-0.0039364767100026,0.0624232931643296,-0.0013133581,0.120401576,0.009521604,0.09208477
41,0.010279612285653567,0.07939014293550833,0.014744639,0.07620891,-0.006276033,0.08112212,-0.0031551504630061,0.0676920867800815,0.0005955881,0.113337286,0.013226507,0.09388461
42,0.008949327869006027,0.06125401525271808,0.009453153,0.056292817,-0.011514488,0.054262035,-0.0063061482834991,0.0534540107636154,0.0018495711,0.09504397,-0.0784967,0.04548688
43,0.009309252045332367,0.07685125671931561,0.01070023,0.07629767,-0.005344279,0.074301176,-0.0052075934214511,0.0658914018033812,-0.0018161036,0.1103524,0.0094460035,0.08652255
44,0.009808199315606612,0.08021103835167528,0.014382463,0.07859365,-0.0067197224,0.08102255,-0.0036190899492759,0.0714758378259905,0.00053069554,0.11633394,-0.009002123,0.09144615
45,0.002351045817278635,0.06824838464589819,0.0025969914,0.06578077,-0.00498812,0.060191836,-0.0077169925264476,0.05046192458044,0.003962553,0.06642305,0.050569013,0.040398788
46,0.002298715257531254,0.04594517160193721,0.0068708486,0.045594376,-0.007804613,0.03823761,-0.0053871762553262,0.0341346554864474,-5.312458e-05,0.044882875,0.039205622,0.005806982
47,-0.008107972317273738,0.0390030254622659,-0.0050698207,0.035066884,-0.0014860457,0.032950066,-0.0093415254374069,0.0244916126505585,-0.0028375448,0.018177766,0.06048561,-0.034334786
48,8.854526700825815e-05,0.06765927942117819,0.0060313386,0.06624929,-0.0050389227,0.05941965,-0.0063496984400911,0.0500946067819308,0.010193287,0.059702504,0.05296199,0.022164226
49,0.00663879756239144,0.02093013163781167,0.007847925,0.01762921,-0.011205589,0.025011206,-0.0009761070184908,0.0156499591562879,0.0027721557,0.030383598,0.058469698,-0.06989234
50,0.002976815875960344,0.06114652570747531,0.0049448754,0.056392264,-0.0044340645,0.05045966,-0.0055060382382581,0.0404956233373196,0.0005877062,0.058836546,0.05110395,0.0131718125
51,-0.00027961946343179516,0.02478872529182914,0.0024133753,0.023526045,-0.01021125,0.02155585,-0.0059836138393791,0.020916721680301,0.0024705653,0.02099555,0.046742827,-0.03465216
52,0.0003846608480368571,0.04334108558425634,0.0016675683,0.042308412,-0.0039135055,0.037341114,-0.0072392825998213,0.0292335919437465,-0.0032464662,0.030902803,0.047143087,-0.0030663835
53,-0.00594763021021668,0.05119315691500508,-0.0013237973,0.048469894,-0.006227789,0.043896887,-0.0074184604875379,0.0383755385197777,-0.0008451331,0.048297063,0.05780972,-0.005561058
54,-0.00229098138615171,0.06147357692443914,0.00022788974,0.06000184,-0.0018515764,0.055790734,-0.0073666065382166,0.0466150820345574,-0.0025298344,0.061485134,0.045769736,0.017417703
55,-0.0024994747986804206,0.04683295263940273,0.002040774,0.041958936,-0.0019638937,0.036963627,-0.0087695063707376,0.0254362766329552,0.0069116517,0.041635774,-0.010363814,0.026588386
56,-0.0023659103320092523,0.06523938833931234,0.0034060383,0.061000474,-0.00064628717,0.055808414,-0.0066030962802913,0.0460785610635515,0.0073607676,0.06273865,0.050097965,0.016705766
57,0.007652321130455387,0.06705137537576465,0.009149429,0.06612566,-0.0022014338,0.05927137,-0.0051602826581352,0.0477858148417976,0.00041179717,0.06611184,0.03943957,0.041633755
58,0.0011192485414798941,0.060334415167894756,0.0037507387,0.058038738,-0.005962345,0.0520636,-0.0081886919450098,0.0433040405820481,0.008340768,0.07632041,0.019538298,0.072682634
59,-0.0005300358991270284,0.053496168539955063,0.0004378015,0.050826266,-0.003859265,0.04633087,-0.008858680578243,0.0350195008794215,0.0065422836,0.07605798,0.024859184,0.065414526
60,-0.0059913117720491234,0.014267661622160786,-0.0044591227,0.009332399,-0.018829308,0.0015460359,-0.0081984251878223,0.0261485661783442,0.006140447,-0.006445552,0.03912623,-0.01674463
61,0.0027810430462236993,0.05421093175161913,0.003401282,0.052375924,-0.0035536434,0.047058642,-0.0071565368949212,0.037251737438461,0.003682635,0.06845353,0.01961579,0.06107754
62,0.003988376612371953,0.06579318353324416,0.0059144655,0.061367583,-0.0048147766,0.05446643,-0.0036961222563235,0.0494658043755273,0.012147731,0.07720897,0.04617521,0.037368976
63,0.002456837578420767,0.07385833332419099,0.0066637,0.070506744,-0.0023594042,0.06450146,-0.0059505359228977,0.0538587665511781,0.0093309665,0.085924126,0.03615839,0.058509834
64,0.002077717752171783,0.06806873749225109,0.0057501635,0.063136786,-0.003491495,0.057238873,-0.0061383403609392,0.0473569055769633,-0.0032203614,0.06784732,0.021141227,0.059428878
65,0.0038289273979077824,0.06293595415568641,0.004197947,0.05863701,-0.0026294675,0.052984487,-0.0076058422206006,0.0437617866230018,-0.0016812874,0.059791695,0.049173363,0.018297154
66,4.195436386707105e-05,0.059876375106977055,0.00031893217,0.057060387,-0.0029556958,0.05275146,-0.0088488361505503,0.0396630109561235,-0.0015479851,0.058015626,0.03159712,0.038367935
67,0.0016356757896242632,0.04219059547679726,0.006346782,0.039669275,-0.0013984318,0.033505026,-0.00631711136231,0.0266346516985336,-0.0025499624,0.046109572,0.026293723,0.021955851
68,0.0002058464224293918,0.025699880289573308,0.0022207466,0.025349079,-0.026074309,0.013128361,-0.0078772876777159,0.0278270473076295,0.004689504,0.004336958,0.02376089,0.010310369
69,0.0008318995347659809,0.04922694770852398,0.0016665539,0.04646,-0.0027747243,0.04192557,-0.0090790901190846,0.031766632371758,-0.0020567519,0.045348853,0.039692607,0.0061895032
70,-0.007400112561501143,0.05618049276982703,-0.004088824,0.055006288,0.0011863254,0.052144542,-0.0086726390930489,0.0355979614759942,0.004191478,0.054131035,0.052374624,-0.0041559325
71,-0.007279512541455432,-0.03469879243641892,-0.006850207,-0.03527887,-0.005087423,-0.03822428,-0.0123438426929759,-0.0402212323990557,-0.017802287,-0.12416912,-0.004042284,-0.053172417
72,-0.003195789381032245,0.05863709319408434,-0.00034633302,0.053776536,-0.0026995838,0.049815167,-0.0088540396673444,0.041650264641649,-0.00055038434,0.05518759,0.034448642,0.03254343
73,0.0021316205939947127,0.06964661634652816,0.0048734564,0.06605296,-0.0016096829,0.060172886,-0.0068252967008756,0.0463062712426516,0.0031654225,0.06205934,0.05697466,0.00042732133
74,9.405429109236299e-05,0.07222943649466793,0.0036415246,0.06991102,-0.0014033482,0.065007955,-0.0067573325788672,0.0534167865586236,0.00764661,0.07365353,0.041281357,0.03705372
75,0.0019825551038956113,0.06217133580144711,0.007286935,0.057667322,-0.0041102762,0.051838964,-0.0049079416681214,0.0445411509594751,0.004195259,0.053548764,0.040036067,0.023781179
76,0.004868552460167949,0.06743222002236554,0.008750079,0.06538626,-0.007194276,0.057531267,-0.0043050191246417,0.0513315147818281,0.0064219744,0.05693821,0.053595446,0.005356748
77,-0.0007746844106071861,0.054238527555342766,0.0027402132,0.05215692,-0.0067288848,0.046177935,-0.0057056997952568,0.0413405338728809,0.002694958,0.048328783,0.047196176,0.00971408
78,0.001153158123125007,0.0079518324752404,0.0011927884,0.0040858346,-0.0127941165,0.0019953449,-0.0061099518264929,0.0025126670360364,0.00016577156,-0.042197485,0.05372793,-0.11548831
79,-0.003717426526753667,0.052602278256583306,0.0020932048,0.052232116,-0.004000645,0.047088612,-0.0068537181109495,0.0380748052640001,-5.1987507e-05,0.040769476,0.050175875,0.00031692744
80,0.004149198685057286,0.06489984261036726,0.008468635,0.062040348,-0.0031856264,0.054602746,-0.003598555505194,0.0468168733533577,0.0015671941,0.051872313,0.049652256,0.01838477
81,0.0007540863363101162,0.031604779414915414,0.0055855024,0.030305749,-0.004265296,0.024866613,-0.0013775217576283,0.0225826238778836,0.0011843854,0.028134145,0.11031487,-0.2172227
82,0.0030432863056812955,0.05017055721538481,0.0039100787,0.045588315,-0.0054610143,0.039871447,-0.0067819192146568,0.0361464494610744,0.0036033408,0.057364445,0.020341933,0.04774074
83,0.004841038104727759,0.06329563897709246,0.0051650186,0.06281368,-0.0054515474,0.056500893,-0.0062765884928261,0.0463871336552221,-0.008011539,0.073416635,0.0337522,0.057757817
84,0.014639790574377408,-0.0446314232524205,0.017542847,-0.04474815,-0.0008689209,-0.031943925,-0.0001924596062913,-0.0320687551956423,0.0054065576,-0.035739675,0.0033770956,-0.03906937
85,0.00357676987289594,0.02923908416214155,0.0059140474,0.027130721,-0.02174105,0.016032513,-0.0061643329098152,0.0224904438450495,0.0031482913,0.02962447,0.023159014,0.006954734
86,0.006354589113185567,0.06735850388372205,0.0066256165,0.06343359,-0.004564688,0.056816097,-0.0050644791669956,0.0517635409944621,0.006764933,0.07693957,0.04437259,0.044745374
87,0.005139498078538506,0.05525341242630727,0.0086062625,0.05400028,-0.0027522717,0.046539973,-0.0057596726458533,0.0384188207898644,0.0069939406,0.05058714,0.002632461,0.045336764
88,0.010373508986693713,0.07908030670623675,0.012033116,0.078662105,-0.008320863,0.0699074,-0.0041488777340326,0.0652935184868815,0.012158264,0.08572751,0.037569758,0.06631204
89,0.004889487647792325,0.05361099549771855,0.0051729446,0.05292108,-0.004688674,0.04634316,-0.0049908037844162,0.0421227915850096,2.1515274e-05,0.04922704,0.049138304,0.013549436
90,0.003009993911388411,0.07102426682235898,0.0060279537,0.07066913,-0.005391364,0.064539224,-0.0060469575138822,0.0571595720029984,-0.0084266905,0.062102605,0.036654647,0.044111636
91,0.011426309158469247,0.06450214948362838,0.012092451,0.061381277,-0.0030962941,0.052715644,-0.003303497565898,0.0480492302792253,0.00558715,0.06668202,0.056802522,0.01897136
92,0.00464347260186184,0.04095300385057137,0.007255383,0.0405372,-0.008521106,0.03257261,-0.0068585296765424,0.0305605003137701,-0.00754227,0.044013128,0.027812907,0.030666083
93,-0.002201844871766691,0.06286867879983479,0.0027829586,0.061113372,-0.005353765,0.055512615,-0.0068693398831592,0.045807521667744,0.0054894416,0.07622849,0.021013757,0.07889042
94,0.0006134405548751344,0.06386744274626509,0.0058879554,0.06278695,-0.004179118,0.0566229,-0.0054109429900423,0.0503770580559788,-0.004451704,0.061420888,0.03949414,0.04109673
95,0.008575578867954008,0.042942437973439655,0.010297153,0.04204265,-0.0070957346,0.036294106,-0.0036528591315047,0.0351870991990407,0.008872735,0.05601813,0.036226667,0.027896786
96,0.015555378808758687,0.10282739403255856,0.02046773,0.10229753,0.0069041485,0.08353979,6.21948870648232e-05,0.0354114454455435,-0.0020805697,0.031375546,0.11340738,0.29791942
97,0.00869079933447746,0.028721080682809787,0.010356407,0.026547376,-0.0022638326,0.0066633183,-0.003260363694726,0.0034590483841905,0.0017926637,0.0026743184,0.018970905,0.052373484
98,0.033733864580359395,0.13109028976283976,0.03716158,0.13107614,0.004292539,0.09371879,0.0089026625079576,0.0639531466577162,-0.0038143015,0.021557752,0.060818136,0.21583736
99,0.027449548531057705,0.1525895931150358,0.030206287,0.14828157,0.011513717,0.1261742,0.0072719394773096,0.0655936565591136,-0.011382018,0.01617469,0.12728514,0.33015272
100,0.014498163580535694,0.0990407491416023,0.015422901,0.09883417,0.008679693,0.0881467,0.0030745473414636,0.0410241226148299,-0.005185201,0.024472741,0.13199763,0.31180686
101,0.011490065115242358,0.06375174853144461,0.0167945,0.061446987,0.0012922602,0.039316133,-0.0015544800778508,0.0167820042311072,0.0029117952,0.012295017,0.06528468,0.1574924
102,0.025058687282446885,0.1362004419662395,0.028109644,0.13468984,0.009631868,0.11200462,0.0057884211279722,0.0621358717968368,-0.0098875845,0.014030377,0.10069939,0.2927197
103,0.001087970466483755,0.012282921454406957,0.005311702,0.007855131,0.0007124568,0.0016828502,-0.0038681580908943,-0.003028047201319,0.005929466,0.007890903,0.05102008,0.09865946
104,0.015246915349415626,0.09882279589799453,0.01810054,0.09556141,0.0060221213,0.07791651,-0.0001048107146366,0.0399952063002393,-0.018869244,-0.022150852,0.090856925,0.24464291
105,0.011201858390988747,0.09052369605085037,0.017019967,0.08579588,0.0037926137,0.067700386,-0.0032303361526354,0.0306542523842653,-0.015836488,0.0031655333,0.0803384,0.2183458
106,0.019582231511879402,0.10419268080504904,0.021463538,0.10302571,0.007849223,0.08412247,-0.0016290522760835,0.0256904310250566,-0.01676924,-0.0099625075,0.090487204,0.24197228
107,0.016086748038794643,0.08436949597647264,0.021739136,0.07994044,0.0010225399,0.053391058,-0.0008338676929425,0.0258729770524528,-0.01375305,-0.012982504,0.076009795,0.20450078
108,0.02829067857801102,0.12277058228425171,0.03129708,0.122671664,0.0076696053,0.093767025,0.0040913760560258,0.0501612364534814,-0.016726842,-0.007787766,0.08755686,0.25828925
109,0.02374582693465422,0.10221224426605859,0.025324514,0.10202396,0.0050315387,0.07503697,0.001059400615335,0.0377811231517402,-0.013461934,-0.0069321925,0.0857733,0.23920362
110,-0.014864344662816671,0.008826839601537762,-0.012117233,0.0074213343,-0.0070760893,0.009817294,-0.0085291877161211,-0.0016024622621911,-0.0011323777,0.010454212,0.063387744,0.13290544
111,0.019888832879633653,0.08921824817408236,0.020729853,0.08617173,0.0013743365,0.06040611,-0.0009470550110507,0.0274376800068265,-0.017132329,-0.02955352,0.05302945,0.17226829
112,0.024420960036072904,0.12490980424320362,0.029044807,0.12166023,0.0067698504,0.09464816,0.0037297372671952,0.0457895993923381,-0.015535737,-0.00027162864,0.09004163,0.26315102
113,0.019641302666601697,0.09700372870707769,0.025016695,0.095244,0.005454863,0.070023,0.0012829273467509,0.0355492459295097,-0.013408398,-0.010335716,0.083991155,0.22955899
114,0.024212476869801478,0.11407733069159316,0.02483139,0.11355557,0.0056938156,0.08982217,0.000872014688517,0.0441589414276751,-0.012567205,0.0037742667,0.106389984,0.2959281
115,0.022644928544836282,0.12588485986611833,0.027560487,0.12549128,0.0074381237,0.099854395,0.0045637383890975,0.0542975668659321,-0.012286865,-0.0012710495,0.101716876,0.2806774
116,0.025493959860136618,0.10698658047594942,0.026033912,0.102875225,0.005547451,0.07682454,0.0009538222754353,0.0408094079713565,-0.0103228865,0.005113992,0.057971712,0.19351166
117,0.03595207808207961,0.13760732399386888,0.036290422,0.13699107,0.0066052903,0.101687394,0.0065748838648032,0.0552544360149998,-0.011651244,0.011507873,0.10710452,0.28614622
118,0.019971876710212548,0.06838202498382644,0.02064809,0.068248704,0.0045814337,0.044110354,-0.0001101119099121,0.0201397446485482,-0.015411692,-0.007695999,0.07893055,0.20262936
119,-0.011432585964744797,-0.0009567909821472614,-0.006461134,-0.0020203823,-0.007691933,-0.008783192,-0.0059579146848317,-0.0111752006542028,0.013837136,-0.06223941,0.056189556,0.11489089
120,0.0020051240728822224,0.003421713593692648,0.0070264754,0.0012397424,-0.003332533,-0.016316326,-0.0063709166741956,-0.0161484468869948,-0.012438133,-0.01132435,0.005222664,0.026613817
121,0.025770431440898127,0.11817615468737297,0.02803843,0.11416183,0.0058028195,0.08634747,0.0023296635262624,0.04037082658517,-0.022141034,-0.023845349,0.079906575,0.23964332
122,0.01959511255220501,0.08888545013006288,0.022451134,0.08722174,0.004872407,0.063018754,0.0010517955493231,0.0281199973073646,-0.015174419,-0.013779512,0.09698515,0.24424948
123,0.031061199802385406,0.12557087791639274,0.031199224,0.12528501,0.005264721,0.09341895,0.0065308356219373,0.0551600553413491,-0.020540051,-0.016842822,0.07737793,0.24213466
124,0.022664909396703493,0.1037660001999144,0.026649967,0.09938232,0.0024390658,0.06863125,0.0023338227730224,0.0393134951373329,-0.01970268,-0.032259025,0.081635736,0.21937466
125,0.016267558729961253,0.09208580989998011,0.02029628,0.08974921,0.00324827,0.06684206,-0.0003591268435517,0.0310058959243506,-0.01351071,-0.018007215,0.060205467,0.18352813
126,0.01862415127918262,0.07621976515081956,0.021983238,0.072715856,0.0002155121,0.043672305,0.0012301244939008,0.0282900827367165,-0.008377578,-0.010947373,0.024543015,0.09585543
127,0.02922464280599919,0.12900610653111008,0.030951416,0.12598711,0.004661746,0.094608,0.0053457992107653,0.0593593833924908,-0.009443239,0.01866124,0.073704064,0.24110201
128,0.007521148303051026,0.026871041835313407,0.009148879,0.025355484,-0.019947598,-0.012195149,-0.0039795594775348,0.0050308619837651,0.0011926566,0.006582986,0.024801128,0.05458629
129,0.013188769747823454,0.013157252170708218,0.016444247,0.011678615,-0.0075929323,-0.008236667,0.0013029664919894,0.0003637347820669,-0.0016598143,-0.04597489,0.07160104,0.11788815
130,0.032347571667609896,0.11783798954062244,0.032702748,0.11757505,0.0033697907,0.082160525,0.0051786697277533,0.0480386421708954,-0.01990567,-0.030300006,0.06882658,0.21426998
131,0.025865040289527044,0.12002951417995791,0.029344456,0.11981179,0.0037943926,0.089271605,0.0030946733537116,0.0474702367259484,-0.0045512505,0.009407486,0.05981254,0.19955821
132,0.030874334623326012,0.115465363103914,0.031298436,0.11250676,0.002696629,0.07794825,0.0061403806972135,0.0538944774409321,-0.0036424466,0.012771252,0.06937226,0.21178012
133,-0.004460734363536014,0.06351086008025826,-0.0011212267,0.05918169,-0.003685921,0.059139926,-0.0048210643762955,0.057041597686367,-0.0028503262,0.08333696,0.0026906973,0.08008872
134,0.002709295464209824,0.056921519914731225,0.006082559,0.053835824,-0.0047047306,0.048643894,-0.0002676316902734,0.0541470925675507,0.002232773,0.079065986,0.010028743,0.07584504
135,0.003823208166327476,0.05214864143540561,0.0061010714,0.048466742,-0.0035410526,0.04726522,-0.001557999815794,0.0522044471094952,0.005515808,0.06365233,0.020294502,0.05765666
136,0.001828048165234563,0.06196827900532935,0.0034908187,0.05742025,-0.004219739,0.05378932,-0.0020298374519045,0.0594394499060815,-0.0014827793,0.09870849,0.004382178,0.091309145
137,-0.005431747327957441,0.0642050843584594,-0.0022897038,0.060543995,-0.0030019938,0.06434488,-0.005397319599385,0.0654404635638564,0.0064116456,0.03756449,0.014328021,0.027169557
138,-0.0011466418296901294,0.052223348291350224,0.0027793383,0.050925016,-0.0041890815,0.047453012,-0.0024254861361342,0.0513794589898922,-0.0054471586,0.084496595,0.0011031579,0.07773888
139,0.0052158230655758725,0.04902312400971505,0.007343952,0.04415471,-0.002279969,0.039835587,-0.0012634670493674,0.0471133929256075,-0.0019283372,0.058269538,0.012410829,0.049792536
140,-0.006175807806287147,0.06016251530188945,-0.0026148832,0.05991149,-0.0022662133,0.062158544,-0.0042904770434627,0.0601861535378412,0.0041763424,0.019848203,-0.0066129724,-0.00041185154
141,-0.001975853719069058,0.008513865265137553,0.0018248291,0.0056203636,-0.010286353,0.0063453936,-0.0029013637948772,0.0058898549754779,-0.01274099,0.027932066,-0.0042324243,0.020008592
142,-0.0012039582067066032,0.05509223582774206,0.001833381,0.053477623,-0.006160465,0.0508683,-0.0034851552258378,0.053272031636075,0.0056326,0.047277924,0.008391366,0.046803642
143,0.0014878764092055826,0.05624138577188588,0.004234807,0.052258935,-0.0063527687,0.045997854,-0.0029079066721331,0.0561835031855011,0.00621891,0.07023002,-0.0005299992,0.057556048
144,0.0004934215681619224,0.04810763666934216,0.001702705,0.047597803,-0.005569879,0.04395829,-0.00356350023313,0.0497512808666072,0.0012347018,0.058379624,0.0019072791,0.053593054
145,0.005252037460648791,0.04928765141932988,0.0052618994,0.048978455,-0.005041942,0.045702673,-0.002772070720028,0.0522093742227018,0.0020463697,0.06347129,0.006979145,0.05561574
146,0.0025495306890984002,0.04663997387048191,0.0048903762,0.04325788,-0.0033142345,0.046801962,-0.0017571755685415,0.0514981117262209,-0.0029871438,0.08332793,0.011079424,0.079966836
147,0.008060102996968297,0.055824121668531505,0.008657895,0.053272698,-0.0029598877,0.054237377,-0.0006135201481396,0.0633021774271022,-0.001502032,0.08941753,-0.0042723427,0.08012584
148,-0.006848180361628498,0.07549863194529696,-0.001881817,0.07470059,-0.0022950445,0.076552294,-0.0046562508957953,0.0728087825515259,-0.009273433,0.11115481,0.0017761827,0.09672452
149,0.0010971654732069114,0.03839224026871341,0.0023532296,0.036609814,-0.0035272557,0.03411567,-0.0039306074532207,0.0346430628526122,0.008197558,0.009474606,-0.0022961732,-0.006915233
150,-0.006245828627500266,0.051908357733198233,-0.0016334597,0.05049401,-0.004573506,0.050156493,-0.004578795612163,0.0517688529644871,-0.005122374,0.081121504,0.014070743,0.06982129
151,-0.00601355584638227,0.04608294598699514,-0.0053751254,0.044048134,-0.0042307996,0.046408024,-0.0048733557828114,0.0472236464885433,0.0012159869,0.032643825,-0.005982947,0.021841174
152,-0.0039156070627786145,0.060819641462517705,-0.0014042625,0.057735775,-0.0022627632,0.059298497,-0.0045566952469771,0.0599994116371477,0.00032914287,0.07861067,-0.0061399075,0.073044546
153,-0.007590161250570613,0.06893376041082756,-0.0018167599,0.064577304,-0.0030800903,0.06565682,-0.004953605239586,0.0656371074826579,0.002177924,0.077874854,-0.0057030283,0.072570205
154,0.004762977578101098,0.07087108093398553,0.006337685,0.07031399,-0.0032052177,0.067914695,-0.0026385789046083,0.068023935798733,0.0073272283,0.07592747,0.0009817943,0.0684628
155,-0.0064772801255071275,0.059598676548082825,-0.0019735857,0.05751921,-0.0038151129,0.05825882,-0.0070460482615876,0.0551368532845027,0.0054146503,0.061136518,0.004271303,0.051376216
156,-0.0011898778588923507,0.04448413906771681,0.0018362544,0.042035945,-0.004730693,0.04028379,-0.00395400627146,0.0494346219198004,0.002672659,0.040215783,-0.005590515,0.023917207
157,-0.0053744995979072485,0.04343700639250169,-0.0021456124,0.041744247,-0.0056121983,0.04089307,-0.0056525275347842,0.041132589198326,-0.006683304,0.092195965,0.011661216,0.07703995
158,-0.002632282560475606,0.04566377498758525,0.0009046836,0.045189448,-0.0014900903,0.045765698,-0.004479024475635,0.0437748676590732,0.0005512212,0.077306874,0.01895338,0.07199251
159,-0.003022767687932619,0.055379405865913875,0.0016912298,0.05304389,-0.0037881634,0.051078577,-0.0037502753782915,0.0540028425957954,0.0011979514,0.088742346,0.015152623,0.08178125
160,-0.003981531271583571,0.04941114897155137,-0.001475376,0.046958674,-0.0018992973,0.048874,-0.0045971689601106,0.0518026431631628,-0.0025476324,0.08654888,0.008810683,0.07136802
161,0.004701765531852816,0.05691310078612725,0.005749397,0.05585421,-0.0045492575,0.053238034,-0.0004605680740284,0.0606913717670694,-0.00056781113,0.09690119,0.0037078182,0.0845875
162,-0.00870905562470644,0.048692338645891294,-0.004908614,0.04777517,-0.0034843737,0.050671916,-0.0060695038790533,0.0535126955431584,-0.0011000789,0.090275496,0.007661816,0.08705989
163,-0.0071805604951142,0.05586503591495558,-0.0022050792,0.054568194,-0.0016093707,0.057425775,-0.0052520332021659,0.059040387101576,0.00023282625,0.07943818,0.019623106,0.0689659
164,-0.006229779426514112,0.0682225435686259,-0.00408459,0.06654099,-0.002510162,0.069929786,-0.0057604459556921,0.0643870376181871,-0.0032749595,0.08382948,0.0047603156,0.07686363
165,-0.0004407682361451051,0.06485806817025196,3.2468706e-05,0.064335056,-0.0037853592,0.0636022,-0.003681494010924,0.0648048370038884,-0.0002712135,0.08815282,0.008822778,0.07912417
166,-0.0013823015038990423,0.06462191092784998,-0.0002785869,0.062212672,-0.0023432954,0.062794365,-0.0039005605321171,0.0619768119382644,-0.0023558615,0.072412476,0.01886351,0.057118002
167,-0.006719326365642745,0.061100655603596614,-0.0015064903,0.059298925,-0.00340878,0.059966784,-0.0046985887421748,0.0640035913785623,0.00044574245,0.08586941,0.0053417594,0.07184116
168,-0.009526654413193992,0.0030653041894834164,-0.0036500448,0.0030458272,-0.009742124,0.0037814626,-0.0044468324343078,0.0059295573554295,-0.009804061,0.021266922,-0.0057833707,0.0139457565
169,-0.006290854269130606,0.054881767376800644,-0.0047813286,0.054485746,-0.0020098034,0.058888238,-0.0067714535273243,0.0580173957036151,-0.0053906497,0.08667029,0.023711385,0.075440064
170,-0.007795307663464626,0.06351128184113165,-0.006204294,0.061131354,-0.0035098474,0.06532271,-0.0063923754201167,0.066234891445714,-0.0034877313,0.10412961,0.005043314,0.09863479
171,-0.0036376564192122695,0.054086226369408526,0.0018040129,0.050457027,-0.0022283362,0.049543977,-0.0031957135302534,0.0518493807965695,-8.142177e-05,0.093692794,0.009824176,0.08937843
172,-0.0038072838831059433,0.05587808717727093,-0.0019310437,0.052921098,-0.0010696744,0.05602067,-0.0050350382746263,0.0545305095384362,-0.011395832,0.1012062,0.005071578,0.08855813
173,-0.0073681840333649235,0.06906473275127287,-0.002693825,0.06776142,-0.0010302957,0.07149478,-0.0052249584085558,0.066895384178839,-0.0048754276,0.0953123,0.013919999,0.09083901
174,0.006725708431043456,0.07476316237903233,0.007106073,0.072010316,-0.0020186044,0.07222297,-0.0014629989366878,0.0747171628819792,-0.007748918,0.12126907,0.015541144,0.10930564
175,-0.0020862932646773954,0.06956715506443621,0.0023762523,0.068205535,-0.0014402285,0.07221449,-0.0032033717272115,0.0697334927763861,-0.0041563166,0.093690366,0.004857163,0.0827908
176,-0.003048020315882925,0.0610007906260926,0.0016842135,0.05782759,-0.0025811177,0.056827005,-0.0020936314570702,0.0613907882441114,-0.011037813,0.09385863,0.0007293029,0.081867814
177,-0.0013317232183167327,0.01768600873992238,0.0016466804,0.015011859,-0.00022016552,0.018338256,-0.0042769028801288,0.0169791653392862,0.0054890816,-0.012350096,0.031329267,-0.023496088
178,-0.0069071784965959795,0.045867530378300124,-0.0029250407,0.04528322,-0.0023494654,0.047888,-0.0071212208046043,0.0478934327564345,-0.0015126339,0.07893908,0.015557105,0.07137664
179,-0.010561481084382216,0.03315235055767625,-0.004797134,0.029897066,-0.003952646,0.03243827,-0.0075031024361323,0.0353636178995611,0.0043985373,0.059993867,0.009329954,0.05290904
180,-0.003036853668058288,0.08196789689019583,-0.0021414263,0.08069526,-0.0008295589,0.08461023,-0.0051712926740097,0.0807813443394136,-0.005621059,0.11173752,0.019226514,0.09814647
181,-0.0038566522191870838,0.05659773882751613,-0.0028534927,0.05366852,-0.0018596278,0.056720376,-0.0059662295430607,0.0533192701697151,-0.0042416407,0.0751498,-0.0011421556,0.06109879
182,-0.00036349598919262205,0.049202806069510975,0.004183283,0.044690628,-0.0030800817,0.041325156,-0.0028564208703052,0.0450303130789809,-0.0010536558,0.07845306,0.0073634107,0.074651755
183,-0.000553159231523089,0.06760586221500808,0.0047140513,0.0651991,-0.0010172589,0.06338495,-0.0025030688558979,0.0623336613200777,-0.006624353,0.09688714,0.014048988,0.08861209
184,-0.0021829569118989012,0.03838384685072535,-5.1437688e-05,0.033919957,-0.0029131826,0.033906993,-0.0040763223262094,0.038492148818072,0.000454263,0.066955045,0.0069524916,0.06166344
185,-0.006587151109753024,0.06383484483332239,-0.0029298963,0.059357338,-0.0037434595,0.060950786,-0.0048166592635349,0.0634998642386413,-0.00075990736,0.080866165,0.012611903,0.07687225
186,0.007031104276191244,-0.006662547534954061,0.009987858,-0.008104727,0.0006013102,-0.008325928,-0.0019350396666471,-0.0068197816711746,0.0011533577,0.010597045,0.032723878,0.0028721343
187,0.004574177002174253,0.040305170623124734,0.0067291185,0.039908867,-0.0045827376,0.037219197,-0.0010079686532101,0.0466413927616378,0.0020626425,0.07027257,-0.0063698376,0.061012994
188,-0.00024462691840409384,0.059898679989922154,0.0018096687,0.05923761,-0.0017394692,0.058949754,-0.0051702115727993,0.0576826201230477,-0.011408006,0.10753197,0.019245801,0.09483338
189,0.0003818345213621238,0.0486313749453147,0.0007055381,0.04746142,-0.004440655,0.04567722,-0.0041601431921251,0.0499386114296853,-0.0076831253,0.088639066,0.0113150375,0.07448471
190,-0.00237827520348837,0.05844384671913254,0.0035234746,0.05455065,-0.00037782415,0.05443933,-0.0027705211192302,0.0553873701941559,-0.006534438,0.09222305,0.012775946,0.08130395
191,-0.0028978541448216625,0.0551957799100444,0.00066322176,0.052829288,-0.0024914593,0.052663904,-0.0035813837027309,0.0539691628926722,-0.0020665862,0.08235801,0.0034142255,0.076384895
192,0.004329486585096755,0.06241238337736353,0.00459642,0.061481223,-0.0018006467,0.067623615,-0.0016297707062884,0.0689429347256104,-0.009990909,0.09031813,0.014026281,0.07443737
193,-0.002016351361488509,0.07695700017032606,0.0004680064,0.07326997,-0.0018130454,0.07430051,-0.0055862720051118,0.071493584208502,-0.005428942,0.10130683,0.016173827,0.09291181
194,-0.004004275263169608,0.05325168053136625,-0.0017972651,0.05178331,-0.0022452965,0.05558454,-0.0039915154029766,0.0576693423383991,-0.0028800387,0.08105731,0.0005014964,0.07421701
195,-0.008005925321401078,0.058270037769441084,-0.0052760774,0.057064943,-0.003782929,0.060347494,-0.0068312924672154,0.0603815012127362,-0.0064022318,0.08694215,0.014069934,0.08339817
196,0.002117032695824095,0.05991497470449346,0.0023247243,0.058973156,-0.0013389048,0.05844361,-0.0021318168654682,0.0569363270076205,-0.0017528395,0.082001455,0.012316169,0.080988154
197,0.0001238990067558227,0.012408162329250991,0.0018996305,0.010136902,-0.00314195,0.008021995,-0.0039213668169385,0.0102331523047802,-0.0030327248,0.040614408,0.0061650523,0.038811438
198,0.011666794714245025,0.020251878731922066,0.012296185,0.015906047,0.0007987785,0.019832285,-0.00118661338623,0.0234996601355432,0.0037341611,0.017679578,0.013618833,0.009766438
199,-0.0032348534666135826,0.043801838047510346,-0.0012063597,0.042910006,-0.0051668407,0.041856613,-0.0046555294925439,0.0482621028396469,0.00063388696,0.072976634,0.00031309924,0.064187326
200,0.0007161294035468871,0.060665227499497494,0.002366285,0.057448838,-0.0018033698,0.057398513,-0.0039270774069138,0.0571797673054135,-0.008184554,0.09561263,0.0101264445,0.08182739
201,0.001452418045090228,0.06118107107794179,0.0017354772,0.05996634,0.0007142526,0.06433943,-0.0033101091925456,0.0625112286659003,-0.0044509643,0.095456675,0.015926607,0.08257468
202,-0.006534637251797306,0.07066261624545561,-0.0020872916,0.067789435,-0.0032016367,0.07043629,-0.0048938673700207,0.0727755495399964,-0.00035217212,0.09526414,0.016263943,0.088101
203,-0.00521686458654827,0.06918999602893301,-0.002004743,0.06684543,-0.002458952,0.06853042,-0.0041423540117359,0.065026005470117,-0.0048292778,0.096411586,0.008130303,0.091291755
204,-0.002496070493681664,0.04989985571669626,-0.00019068122,0.049148135,-0.00410182,0.048483547,-0.0039646798424684,0.05307495488581,-0.010773705,0.085209526,0.008917879,0.0763753
205,-0.006947432532485049,0.05566376820971311,-0.0027984378,0.051465258,-0.004363842,0.052183922,-0.0055907409002653,0.051979425641945,0.0050924607,0.04272995,-0.006132859,0.023967907
206,-0.004393016405189239,0.05405480966872389,-4.9611324e-05,0.049860466,-0.0034419582,0.049442083,-0.0047315512898504,0.0538035683596425,0.00218843,0.09041458,0.007440312,0.085847385
207,0.0007841331810160418,0.052405575085136526,0.0020335258,0.050133742,-0.015348536,0.042055443,-0.0042716500723868,0.0529920135569654,0.0071293386,0.0042459955,0.0027898941,0.009115267
208,-0.003278416569269434,0.024487283541917704,-0.0018233481,0.022028124,-0.0039461204,0.02225082,-0.0049356400615529,0.0274526264305082,0.004968176,0.024705218,-0.0010228431,0.009789958
209,-0.003019533414509688,0.05418554233235433,-0.0008407006,0.04967158,-0.003479602,0.05006081,-0.0048125466270258,0.0552246860562923,-0.008638238,0.096368186,0.012797816,0.07820899
210,-0.003638573940574583,0.04099541095005592,-0.0024879985,0.036602248,-0.00636512,0.0354006,-0.005275476400214,0.0408769556384634,-0.0057381224,0.093132995,0.007999045,0.08299968
211,-0.002226209383461271,0.06496072538349074,0.0032123304,0.06212241,-0.004371079,0.05991938,-0.0033227526055674,0.0644396113468429,-0.0020359636,0.09902076,0.003695636,0.09392793
212,-0.0016871821272335127,0.042527368798070266,0.0014989703,0.04107448,-0.0023478952,0.04390906,-0.0032893352646061,0.0458366504198437,0.0043173423,0.06289599,0.012010739,0.05737114
213,-0.00414464095575337,0.0676243465629766,-0.0027731634,0.06492808,-0.0016850064,0.067685544,-0.0046411366833929,0.0646417535748228,-0.00044630526,0.099305086,0.012582935,0.09784537
214,-0.0017762502107021708,0.05121764144019942,-0.0014183299,0.04986618,-0.0055758758,0.04861793,-0.0039411636457698,0.045835021480717,-0.010718387,0.07976654,-0.007922694,0.059649974
215,-0.004431084422126403,0.054247066601099264,0.00029592216,0.050506443,-0.0032632458,0.050089132,-0.0038520929805397,0.0530629299229449,0.004609154,0.04762312,-0.0013617164,0.04602265
216,-0.0003387969013976446,0.06351047543921982,0.003916801,0.06073656,-0.0031935999,0.05770883,-0.0028957460715599,0.060187208613252,0.0006353652,0.09059147,0.005495994,0.0863251
217,-0.006886217440903923,-0.0008854022284543197,-0.0026488728,-0.0038372488,-0.011775685,-0.003318855,-0.0053893692222092,-0.002465949377993,-0.01976973,0.024962738,0.00036255937,0.008921124
218,-0.000936770162637459,0.04557526518722742,0.0050270273,0.04422836,-0.0032453903,0.043399177,-0.0027032642289521,0.0476430308834992,-0.0056739645,0.08232137,0.00011058849,0.075405486
219,-0.006208945987773554,0.01904154449203111,-0.0021172382,0.017015338,-0.0065805493,0.018128809,-0.004536886302508,0.0181427647790466,0.00046971568,0.02912337,0.021953706,0.0255817
220,0.00010672939243652584,0.06229645631899195,0.0039092246,0.060126614,-0.0016284159,0.058494635,-0.0009857233310448,0.0624586576925426,-0.0013449843,0.099068366,0.023119982,0.08863095
221,0.002471700559482817,0.06333345551876898,0.0076276623,0.060281925,-0.00069349626,0.058337923,-0.0020179876468419,0.0569072583952577,0.00025481603,0.09890395,0.009675377,0.090286314
222,-0.004837687970865526,0.04056255966901548,0.00043070017,0.0386791,-0.006391858,0.035139374,-0.0039894111255558,0.0437669348700238,0.000100364356,0.07781285,0.008723342,0.07328265
223,0.005716266346700489,-0.0004288981853376372,0.008593848,-0.0054105003,-0.01287818,-0.017143423,-0.0039869544149701,-0.0026021452078483,0.017134704,-0.122291274,0.0054409336,-0.11783998
224,-0.006019268824370254,0.07184629680312687,-0.00043387382,0.06996452,-0.0022645036,0.07111002,-0.003676717813028,0.0704949644463635,0.0035852822,0.09678995,0.006780179,0.09175956
225,-0.00382862349012805,0.062340124283427494,-2.0146654e-06,0.059457824,-0.0025458457,0.059447072,-0.0037945110262922,0.0589063232557968,0.003559007,0.06844695,0.015083762,0.058604404
226,-0.005167891580399743,0.04821219337304431,-0.0041917623,0.045275602,-0.001317591,0.04944765,-0.0068602944184324,0.0470073817573105,-0.0005864663,0.08778603,0.0078004873,0.08291714
227,0.0019438351543558342,0.05803015807715618,0.003316273,0.057796244,-0.0023233548,0.058214307,-0.0027536577061373,0.0592999730516476,-0.0012662405,0.07659882,0.006060191,0.07230738
228,0.0013108985121227722,0.04408368641185451,0.0037234332,0.0438266,-0.00547479,0.039808802,-0.0032791130685413,0.0433066359390583,0.0030432008,0.07048224,-0.006814982,0.058809724
229,0.003119580798184816,0.049397866566214275,0.003435631,0.047322504,-0.002897369,0.051289007,-0.0026489180907981,0.0534877219178467,-0.0013973567,0.06456014,0.01573488,0.058195814
230,0.009312957971071926,0.05283110515271157,0.009567336,0.04936936,0.00038544828,0.05501015,-0.0004947875353679,0.0588992018514999,-0.012563889,0.06891053,0.021247374,0.056137778
231,0.018436652638288833,0.0193812221616856,0.022114562,0.014973217,-0.005742904,0.026812876,0.002933014653056,0.0269918944882101,0.021549165,-0.08162302,-0.0021638952,-0.09099599
232,0.001752424309345824,0.0529610104133245,0.005145935,0.048543848,0.00040512456,0.0524116,-0.0030066410991387,0.0516109135303842,-0.012225274,0.041572068,0.019934881,0.042428486
233,0.00501516667727547,0.04487610313093835,0.0051790103,0.0399028,-0.0024248825,0.044780795,-0.0022117016241523,0.0508322973299165,-0.0009875885,0.057073403,0.021198701,0.04793404
234,-0.0005169855200117361,0.04111066356570663,0.0033568451,0.036368754,0.0006670683,0.03912149,-0.0021271700023904,0.0449585544844683,-0.008674751,0.06231214,0.019030612,0.050274055
235,0.006813526519824415,0.026666800454030963,0.010309425,0.026438653,-0.0031133126,0.031946275,3.1865378178495946e-05,0.0253020098101766,0.004779349,-0.009472016,0.022831367,-0.007892682
236,-0.0010386899060603485,0.03975597217969561,0.0022183505,0.035103764,-0.004411343,0.0359804,-0.0045719790500112,0.0373571809763023,3.7683276e-05,0.043174535,0.019325245,0.036118936
237,0.015029331112658958,0.04023594914768356,0.015467529,0.039991852,-0.0019645898,0.04912753,0.0020939591676076,0.0506287278125149,-0.0035103632,0.051624704,0.025207285,0.05245317
238,0.011923904330614923,0.05783735916392207,0.012708172,0.05743912,-0.0039097555,0.060088377,0.0003996608376102,0.0669968102115547,-0.0015228671,0.06129313,0.027724002,0.056634173
239,0.003729600662539865,0.035853538344115636,0.00751721,0.032716088,-0.00041982243,0.037856527,-0.0016250721106519,0.0435925814945285,-0.0052449927,0.016320588,0.041435696,0.0153784035
240,0.0033420920653513516,0.050609135071653544,0.004819193,0.046128705,-0.0017257814,0.050212245,-0.0017533693781833,0.0518167703157767,-0.0046372795,0.058599778,0.0013441197,0.055834282
241,-0.0008881744442514054,0.04263260305278831,0.0020748128,0.04200039,-0.003852573,0.045768052,-0.0037808655544421,0.0449556124019947,0.00017892513,0.041406795,0.010251386,0.044707675
242,0.01102284372312819,0.03171787734554526,0.012224427,0.030350575,-0.0010331202,0.03339603,0.0001457281658685,0.0368236426100159,-0.007887503,0.028360354,0.02577129,0.022140903
243,0.003271351445693904,0.047372502799762364,0.009042575,0.045562927,-0.0027443755,0.05232864,-0.0007514673889838,0.0527956412936799,0.0024015724,0.047322173,0.011859888,0.051073868
244,0.0012031588104271518,0.05709972591113778,0.0057090265,0.05672701,-0.00080104877,0.06103387,-0.002135392732993,0.063292133641299,-0.008708569,0.05738316,0.026258357,0.05474667
245,0.004944499625630624,0.054317053696473966,0.0060799993,0.052205913,-0.00330706,0.057590473,-0.0018509824797591,0.0607036756628721,-0.006416003,0.035560228,0.024511302,0.041223437
246,-0.003661891112199076,0.06035027717908914,0.00101228,0.057941895,-0.0018687124,0.06058865,-0.0031279011914638,0.0615137379245817,-0.0076750736,0.06864372,0.022320557,0.061375856
247,0.0014716564635174458,0.06635075178350845,0.0046556317,0.06596259,-0.0025482571,0.07041808,-0.0027551609031374,0.068156314228267,0.0003648361,0.06359588,0.01566444,0.06928127
248,0.01041086194218057,0.05212557021599987,0.013795081,0.047890026,0.0005651235,0.055322036,0.0009094136411809,0.0513303211033201,-2.0692336e-05,0.011633623,0.013985944,0.021237563
249,0.0027328117817961286,0.06381125438253726,0.006403193,0.062188767,-0.0010039165,0.06722005,-0.0029914775797771,0.0673101609642316,-0.003923298,0.050971806,0.027644696,0.051551227
250,0.014754934876718832,0.03641693251578784,0.015920576,0.03480867,-0.0055995816,0.045488007,0.0019930199023265,0.0478837509196696,0.004806122,0.035956405,0.025230592,0.035348006
251,0.006973995959124712,0.05068965389783812,0.011160742,0.050679475,-0.00260332,0.05827175,-6.72480263585964e-05,0.0637973435221091,0.0010898276,0.06641412,0.024201099,0.054598182
252,0.014009752982110301,-0.03805849568036991,0.015568482,-0.03855517,-0.0037654235,-0.036932096,0.0023129584868101,-0.0316007659398579,0.011956182,-0.062581085,0.015663596,-0.06499498
253,-0.00012454846807804284,0.04876813791224567,0.0028131236,0.046111967,-0.0020485136,0.049764577,-0.0026620858717328,0.051139177912234,-0.00092532736,0.042583093,0.012775626,0.04321777
254,0.007798767873871789,0.03745022035648414,0.012923528,0.033335477,0.0004585895,0.040608864,0.0009441409609773,0.0444134326657509,-0.0014043018,0.020396637,0.013736037,0.030172275
255,0.0023878167539695258,0.049402715373431015,0.002558406,0.04930907,-0.0021012088,0.05316989,-0.0035560273239609,0.0556621308566048,-0.014117309,0.06954933,0.018033508,0.050078735
256,0.0034529747688579505,0.05322049930027,0.0072773937,0.05120902,-0.00075651467,0.056512035,-0.0006908373245825,0.056651321642273,-0.009730889,0.07296981,0.010128953,0.07119251
257,0.0028161237658305854,0.04765008152178043,0.0053101624,0.046627928,-0.0004304265,0.050755482,-0.0028514313622937,0.0541719150328536,-0.01014538,0.072423294,0.011092052,0.06549431
258,-9.663825645886935e-05,0.04600939573709454,0.0052529466,0.042122174,0.00046738822,0.04588947,-0.002420124011385,0.0519168992794799,-0.0183889,0.05950846,0.021785922,0.043304414
259,-0.008508424134818057,0.06171537540638945,-0.0037692587,0.060830377,-0.0018178365,0.061705798,-0.0076453061747815,0.0585848633896016,-0.018243495,0.07975779,0.021636697,0.06674648
260,0.0017378924024683993,0.03283161698077139,0.007636041,0.030198926,-0.001576473,0.035668075,-0.0004411259497034,0.04007725211054,-0.00035722638,0.034238055,0.0180204,0.027494473
261,0.004376855944948658,0.0611066315347197,0.004614218,0.056116756,-0.0010851608,0.060278557,-0.0027920784779938,0.0571591367857949,-0.0068472535,0.06582541,0.025158426,0.05728223
262,0.004688150832497578,0.04943884190545027,0.007353771,0.048321236,0.00080334843,0.053560507,-0.0027355149993731,0.0548629460823549,-0.010492392,0.045580085,0.02571127,0.04136087
263,-0.002325646041894602,0.057114931152243316,0.001535245,0.052474886,-0.0017280723,0.055733267,-0.0041408137974076,0.0566756481815107,-0.0121303,0.066705175,0.022916395,0.05715285
264,0.002649684218764428,-0.042042153641100165,0.004965057,-0.043787114,-0.002017011,-0.046365052,-0.0043145907522673,-0.0524289143742034,0.0038219532,-0.050485294,-0.0035310949,-0.042667627
265,0.007609311810758136,0.04297185755783882,0.008497033,0.041257016,-0.005357961,0.047992613,-0.0008580853558892,0.0439558666928706,0.002874234,0.046191353,0.008048505,0.04632395
266,0.005529536188358793,0.06688336303560741,0.005567323,0.06664577,-0.0024634502,0.07190602,-0.0022798325820907,0.0706297036035791,-0.010088443,0.047942158,0.011582343,0.06302031
267,-0.0014989970388516074,0.05771624460709061,0.0011353974,0.05341863,-0.0020329242,0.055384204,-0.0042270973663316,0.0541569546081944,-0.010842737,0.04733915,0.026589748,0.049209733
268,0.0005911811351777194,0.05976333188813183,0.0022838549,0.05941037,-0.000563685,0.062196862,-0.0040660869312411,0.0606118761118133,-0.01020799,0.07703548,0.012236027,0.070443384
269,-0.00477886879476079,0.061779346309438474,0.0006952825,0.057310354,-0.0017067369,0.060030315,-0.0040675551658367,0.0668101333321038,-0.0126838535,0.081719495,0.017024495,0.062921174
270,-0.0028691443171046872,0.07097267357274771,0.001965714,0.06679954,0.00035440768,0.069470435,-0.0039417336834035,0.0689417017340634,-0.013119971,0.071849264,0.01495298,0.06655539
271,0.013141997216329387,0.05515205488492533,0.014361532,0.055029284,0.0021929438,0.062310625,0.0009591767626063,0.0589186607649948,-0.0019706122,0.06413354,0.021104174,0.05953824
272,0.0034628696619585565,0.05235782491930848,0.006498502,0.05027912,0.00065894926,0.054801453,-0.0023823581791465,0.0572934694928232,6.8351226e-05,0.05307775,0.023148255,0.049679313
273,0.010449128526900577,0.060627286976098,0.011136003,0.05753226,-0.00069809036,0.065010406,-0.0006525871580324,0.071581209588133,-0.008832334,0.08728548,0.01666429,0.07817898
274,0.000826865442039082,0.0470734083567656,0.0045024785,0.043698356,-0.0006089106,0.04777782,-0.0036490133633717,0.0511697526214549,-0.0008202976,0.05828625,0.016701657,0.055647027
275,0.005240093649026764,0.04457641565239605,0.008780789,0.042549945,-0.000107402324,0.048208047,-0.0019007109265298,0.0497732097701301,-0.007581251,0.056438707,0.01682998,0.046363287
276,-0.00690276461225364,-0.005242859228104581,-0.0028839228,-0.00825374,-0.013769963,-0.017763378,-0.0071712419981916,-0.0179623920564347,0.0021988354,-0.010141767,-0.004500205,-0.010826855
277,0.005435132062982706,0.05872585252163396,0.009126952,0.056841727,0.0025137959,0.061616972,-0.0013674850816159,0.0633297888939588,-0.0055979984,0.07123127,0.025371749,0.062114876
278,0.007314111875797193,-0.011286209012731828,0.0077063004,-0.015010412,-0.0136718275,-0.025110798,-0.0010831639012304,-0.019552853359404,0.0070590507,-0.039014332,-0.004820905,-0.046444237
279,0.00023689408804513767,0.06885385981320472,0.0043779174,0.06617373,-0.00061609346,0.06992935,-0.0030404045231907,0.0748495751193686,-0.0058299373,0.061795685,0.033845615,0.054927982
280,0.006837476299183156,0.052431162465642604,0.0124998,0.05201291,-0.0011184408,0.059803728,0.0004490746116119,0.063301462224998,-0.0025377981,0.04706882,0.026848387,0.03697579
281,0.013128928312731387,-0.04774993464597012,0.016972058,-0.051062528,-6.332823e-05,-0.042889558,0.0025199555219708,-0.0448686490001188,0.006497613,-0.081878185,0.042092353,-0.0950141
282,0.0031957441085350554,0.0511226037545476,0.003967155,0.048227254,-0.0010694528,0.052473523,-0.0032740284770442,0.0565317677765551,-0.009167259,0.054331396,0.02429748,0.046981636
283,-0.0034315321012107643,0.026468541216736734,0.002187615,0.025250189,-0.0022259573,0.02861621,-0.0032996841230473,0.0337591107355956,0.0028645603,0.030403113,0.016973935,0.028845863
284,0.002877335254688684,0.06323316179106386,0.0051317676,0.060583267,-0.0020249065,0.06525095,-0.0023526850032211,0.0626008624677667,-0.0057176114,0.02303091,0.02978604,0.03077407
285,-0.0016841253275418193,0.05056586258482812,0.0002497749,0.04728199,0.0006776641,0.04914712,-0.0051010980278655,0.0562722690306804,-0.012353055,0.058054693,0.024771309,0.049452152
286,0.0033700602853706948,0.058218865683853156,0.0065094363,0.054487728,0.0004907838,0.05908463,-0.0035999140778872,0.0584147250774486,-0.0023591937,0.072967686,0.016869614,0.061464917
287,0.009626433910886197,0.0356706434510724,0.010655986,0.034593027,-0.0003649699,0.041274354,-0.0004567545110387,0.0409402996274223,-0.01064996,0.040747937,0.030706327,0.033885185
288,0.005963872978030891,0.039085427388403066,0.007949832,0.036499266,-0.0017526243,0.042174164,-0.000981518975975,0.0465976548925637,-0.015853515,0.06608868,0.01924313,0.048220932
289,0.007404377444784592,0.05057547191027933,0.007481378,0.047238003,2.7160171e-05,0.05209811,-0.0004845553042591,0.0580862363667815,-0.009990321,0.08020188,0.020350508,0.0697566
290,0.01523054183968772,-0.0480475057078169,0.018485906,-0.050048184,-0.00067237485,-0.047551144,0.0006603863879732,-0.0482110881670066,0.011099274,-0.07666196,0.037483625,-0.08630207
291,0.005453952015257082,0.041968227056799895,0.006745482,0.040735375,-0.0010890634,0.045682132,-0.0018938636014054,0.0562016192176193,-0.008563742,0.057523213,0.015747514,0.051226843
292,0.00040413088020297815,0.032541900029679,0.0060047046,0.03162432,-0.002513305,0.036880773,-0.002533133638756,0.0458991780361891,-0.0011415703,0.045409735,0.025442647,0.032405525
293,0.0008444722271388665,0.06089854996729768,0.006630644,0.058557723,-0.0022090825,0.06404424,-0.0039800593898501,0.0633686909918834,-0.008593119,0.08194621,0.0130163785,0.076066494
294,3.877127543240686e-05,0.05531939054009525,0.004180988,0.050418153,-0.002477192,0.0548782,-0.0026209681577891,0.0637931066217534,-0.0012526097,0.06911246,0.012588738,0.059930455
295,-0.002189555526931116,0.04745282044694875,-0.00034409066,0.04595328,-0.0030442097,0.048682652,-0.0038156516687214,0.0534700441469701,-0.012308229,0.07131023,0.013623715,0.06454385
296,0.003957364260848298,0.04868649044184673,0.008707295,0.048125856,-0.0010251005,0.05250917,-0.0022821860369958,0.0518279965502804,-0.010334141,0.050617233,0.019372165,0.043521795
297,0.0007572831492621511,-0.019329989447798103,0.001504954,-0.02294239,-0.013985041,-0.03605029,-0.005382375184923,-0.0219140522435078,-0.011844812,-0.0060484237,0.009978159,-0.012312329
298,0.0030211215207790283,0.05562256224804691,0.0041917334,0.055305984,-0.0026595872,0.059647523,-0.0023222867450672,0.0615856607911806,-0.008939704,0.06845409,0.0061911843,0.06733635
299,0.0025133506685363735,0.0497331317376081,0.002887203,0.046575837,-0.0009230659,0.050028306,-0.0041402812169808,0.0519600943558808,0.0019993996,0.053805046,0.031624533,0.0443339
300,0.007809491892662424,0.047477291078009326,0.010301615,0.043152362,0.0024927836,0.04838832,-0.0032694918638409,0.0479144754241822,0.011025712,-0.010608497,0.022119045,-0.010955024
301,0.00811923965102616,0.04783223365920698,0.011068891,0.04673001,-0.0018025826,0.051389147,-0.0003095862334659,0.0538439147146933,-0.0027888555,0.046926368,0.019331113,0.051319078
302,0.006923278911950742,0.06385599903899199,0.007647353,0.06179041,-0.0039266064,0.0662894,-0.0017867422429945,0.0644945585862315,-0.004717174,0.05263595,0.006884594,0.06335312
303,-0.0008669069150544417,0.03932090039210893,0.0013212477,0.036957845,-0.0035736929,0.040311836,-0.0026047073577948,0.0419562855283064,0.0014276662,0.02968325,0.00843478,0.034811784
304,0.01749395586901972,-0.050351889470450384,0.019328993,-0.054628786,-0.0014072414,-0.04458332,0.0034723594561576,-0.045767809199378,0.014735916,-0.10805181,0.05002634,-0.118508115
305,-0.0009453654897435518,0.04101760232321387,0.00050272443,0.03949168,-0.0024487402,0.040207364,-0.004962610296827,0.0397673752363207,0.0013298776,0.018496923,0.0084917145,0.021424804
306,-0.001992884772577771,0.059676764500483856,-0.0017031847,0.05607208,-0.0017376819,0.05778813,-0.0052624320003987,0.0567116927116316,-0.001472448,0.055515114,0.0016612073,0.059666123
307,0.0037764851816681974,0.034355656819017644,0.008837448,0.032407984,-0.0017201614,0.03848438,-0.0004079783653765,0.0366909355216657,0.0057288567,0.0175978,0.0044608535,0.02080886
308,0.0022832239158793325,0.05128679990587029,0.00537675,0.046918884,4.9025362e-05,0.05093777,-0.0021962705852579,0.0573596572155003,-0.00044733967,0.047225006,0.02403201,0.040627133
309,0.008379548404189877,0.039988969983268036,0.012192023,0.035918973,-0.00010912985,0.043093063,0.0012918290183658,0.0454554900219705,0.0037269336,0.020507256,0.022966085,0.017926427
310,-0.006416550653061879,0.05516434179490094,-0.0012450452,0.053161405,-0.002362768,0.055313855,-0.0051421130830774,0.0610622111860599,-0.004280675,0.04728612,0.0071362136,0.043402757
311,0.0018137168724429538,0.03555223288705082,0.005345844,0.033807054,-0.00035738127,0.03794456,-0.0022939535205438,0.0394401829130363,0.0009470091,0.03769473,0.018223358,0.02903473
312,0.0029380495463846128,0.03806682298736358,0.0052411943,0.037795894,-0.0006718261,0.04209757,-0.0023968091536581,0.0424331045869267,0.001989416,0.011930594,0.02317172,0.007929726
313,0.006244831600540367,0.05126823743462997,0.008257479,0.046690896,-0.0013643237,0.05251011,-0.0017635869391719,0.0548225865480854,-0.0026248756,0.052674793,0.02089859,0.047271073
314,0.00723920234436122,0.04778125909621476,0.010842668,0.047497198,-0.0012837694,0.05458856,0.0007884811769933,0.0540482218354995,0.0048333826,0.03310567,0.0096311895,0.03674669
315,0.005249207894249467,0.06511009751189584,0.010998409,0.06298609,0.00093834987,0.069411084,-0.0008483249858057,0.0709733770713648,-0.00090844696,0.029113786,0.029921979,0.034657598
316,0.018867818212730425,-0.033126517885300265,0.02012523,-0.036883265,-0.0011838787,-0.026646579,0.004649150964172,-0.028341616902002,0.0014434,-0.06889774,0.032654747,-0.07744795
317,0.007179784094075713,0.05296229250326068,0.01076812,0.04857798,-0.0010838499,0.05526839,1.6355887659671317e-05,0.0562806959165435,-0.0025310253,0.057348244,0.00971753,0.05742847
318,0.006283941096709918,0.046770953800109434,0.0079851495,0.043376897,0.00056646805,0.048311125,-0.0018955643025572,0.0520808200412912,-0.0015860788,0.04703432,0.021280719,0.044865053
319,0.005108216295512385,0.05059231477717826,0.0069741146,0.04738984,-0.0006304254,0.05254504,-0.0013564720007554,0.0570654282322351,-0.009833987,0.026527816,0.023673423,0.036752336
320,0.0064287954168573925,0.051000922734315855,0.008519158,0.048227694,-8.7339555e-05,0.0536626,-0.000881851233783,0.0583740492428768,-0.009927697,0.046694186,0.019797057,0.0428552
321,0.011974699772403735,0.04698581325770639,0.013799195,0.042124294,-0.0003582581,0.04992559,0.0015599565897762,0.0485821127931348,0.006420971,0.018529268,-0.007764738,0.02139419
322,0.00330933573044909,0.05221253983198167,0.008628141,0.05116771,-0.00060454424,0.0569334,-0.0012826990480343,0.0568993168822498,0.004960701,0.042699017,0.015838964,0.037246525
323,0.007128574231247293,0.059661470072582413,0.009739256,0.059107933,-0.0013511688,0.06530619,-0.0008837144904744,0.0615768672427897,0.0014381715,0.05209076,0.00873175,0.055280045
324,0.0022358256426028653,0.061795561015705526,0.0040621646,0.0611315,-0.0018501831,0.065261446,-0.0022845687546695,0.0622879123446129,0.0013036518,0.022217637,0.020486595,0.031969324
325,0.012714420107847773,0.028336510815788498,0.015887883,0.024466082,-0.0011506589,0.0007477767,0.0013320749347789,0.0118929794562923,0.015651576,0.0078192875,-0.007385599,-0.02073353
326,0.01346253677923191,0.020322467104331447,0.013716513,0.01825529,-0.004741698,-0.006371414,-0.0014395402113549,0.002271875786721,0.013169851,0.007337367,-0.013829083,-0.03297684
327,0.021838056000829054,0.03930923645252171,0.024195813,0.036095187,-0.0004537265,0.0028165127,0.0041044435695521,0.0176528069534826,0.009127713,-0.009956916,0.032023177,0.05649354
328,0.002229805636396521,0.0075814121214819955,0.0059779906,0.0043090666,-0.0049422416,-0.011735668,-0.0050793438224178,-0.0092965168347363,0.0039107697,-0.0030433126,0.030786598,0.046955172
329,0.007237043435988475,0.007880524041118588,0.010121712,0.0037545962,-0.0034852545,-0.015946776,-0.001972860924108,0.0014466869985879,0.00955141,-0.008681607,0.02237459,0.020992456
330,0.015019786095724224,0.03957663538742391,0.01777799,0.034873992,-0.00038683336,0.010634249,0.002828811986778,0.0195414356644507,-0.003206967,-0.028832126,0.049333334,0.09318545
331,0.010588545250903636,0.029767417913234208,0.014023287,0.027400311,-0.00050920784,0.007964672,0.0014486058679741,0.0142821423484339,0.017331932,0.01208123,0.014834292,0.031893022
332,0.017925340648839737,0.04350963487943686,0.02054574,0.041790754,-0.00024494945,0.015241043,0.0051557915726063,0.0252462295868535,0.009676025,-0.0021831964,-0.0038571663,0.0042987447
333,0.018144236353895882,0.03887160596184001,0.01910676,0.038468692,-0.0007885769,0.020299792,0.0037955542542237,0.0317089239238225,0.010949847,0.012801141,0.0026796635,0.027756711
334,0.015985383485734583,0.0320101129960475,0.016990263,0.027216518,-0.0043165903,-0.00025024673,0.0026516060084193,0.0105865428908689,0.000870427,-0.03306673,-0.0011088869,0.0026316007
335,0.019575265030999676,0.03331448582020924,0.022059593,0.03206704,-0.0028805055,-0.00092217524,0.002502602794698,0.0098063039645675,0.016346648,0.0029287594,-0.003440203,-0.014766471
336,0.00871325729804942,0.013635778659848,0.011492199,0.009571262,-0.002999985,-0.010874492,0.0005246021479305,-0.0037745390239711,0.011213872,0.000378159,0.010082992,0.009966129
337,0.019546187348429507,0.039522181418698184,0.020330906,0.037284974,0.0008517433,0.011537103,0.0042423570290702,0.0178958349201211,-0.0016971094,-0.032473695,0.054613043,0.097685136
338,0.012391759655672198,0.014112963528509128,0.015542282,0.012077735,-0.0029395288,-0.013442468,0.0017907027187854,-0.0012109022808732,0.008342768,-0.0137329055,0.020022366,0.021299656
339,0.014267092317670321,0.04475080234985276,0.016726919,0.040588107,-0.00027598676,0.018290622,0.0025168679961172,0.0223972665122794,0.0061431606,0.010207305,0.02983155,0.06700005
340,0.0035420038842385575,0.01746617878744794,0.009257061,0.016681883,-0.002679987,-0.0002675336,-0.0023298115673682,0.0048629780221929,0.0066197948,-0.008290273,0.008389111,0.012403657
341,0.015319888262097816,0.025231227209757515,0.015706858,0.024726078,-0.0021558718,-0.00034531063,-0.0008441037112046,0.0029781456945366,0.007529985,0.007058458,0.02629909,0.05420118
342,0.009390336952312861,0.0026635731480982383,0.012188947,0.0013202148,-0.00034087864,-0.017922435,-0.0025308993056029,-0.0078519031527995,0.0054806788,-0.032808673,0.04130567,0.04435225
343,0.01935090617505864,0.0434281417587244,0.023066865,0.039455753,-0.00062406284,0.00837281,0.0045893758119412,0.0189029903425999,0.006983441,-0.010508084,-0.004111856,0.0023617048
344,0.01720681851692985,0.026722120070379347,0.01926306,0.02650588,0.0007045846,0.00019704027,-0.0001304613199685,0.0070544758092098,0.005188601,-0.01852953,0.036867317,0.061869286
345,0.01612352053775518,0.02822264435530829,0.016963016,0.024817491,-0.0013419304,-5.478069e-05,0.0012753527450178,0.0079115810270513,0.009763144,-0.0048690825,0.028942548,0.042893555
346,0.006725380824823221,0.007650505256849488,0.01025797,0.006013889,-0.0026274272,-0.012572639,-0.0022920581735479,-0.0049387552153768,0.005897582,-0.026465733,0.04206508,0.05394605
347,0.01827440962459948,0.03922692237494319,0.019468265,0.035539087,-0.0009330161,0.0087438375,0.003716506900815,0.0187703302641085,0.009696936,0.007394918,0.03114467,0.06459768
348,0.017063462244489798,0.04513847362199597,0.01882691,0.04171594,0.0006116174,0.017698463,0.0045393295813221,0.0234832791726883,0.012156832,0.012905973,0.023156963,0.05706149
349,0.018160518806510578,0.04081145836374144,0.021130258,0.038481966,4.7416954e-05,0.010084383,0.0037654720244943,0.0215158243438593,0.013332894,0.009888213,0.017275272,0.040383305
350,0.013039792658540241,0.02413114830746904,0.018623501,0.021486567,-0.0018665614,-0.0064017377,0.0030299280473435,0.0054034163325307,0.015729865,0.010439251,0.0061459523,0.0013787724
351,0.01333250145269616,0.04013905532821397,0.017594906,0.036468882,0.0012774142,0.014217548,0.0006892028177728,0.0120152128767551,0.0069306605,0.0049081007,0.03258443,0.06945699
352,0.014391010599773397,0.028406957440283973,0.016052457,0.023790536,0.00038590372,0.001852866,0.0003395168971978,0.0058709502238512,0.016094733,0.010908241,0.010622517,0.022997053
353,0.002487485730264418,0.013430435987812584,0.0053046625,0.012279439,-0.008089862,-0.005239692,-0.0039724326240578,-0.000432187726512,0.010951699,0.0060588317,-0.0012668076,-0.0066814255
354,0.016547759645866782,0.05045307508419196,0.021206835,0.04943662,0.0021114703,0.024195828,0.0052296385656383,0.0304357379923511,0.009305017,0.017200269,0.044218592,0.089666024
355,0.012654360244255387,0.020678691131325748,0.013473626,0.02026068,0.00040407266,0.0015518714,0.0004959822877652,0.0061407087597438,0.013285819,0.009915356,0.034015946,0.060922135
356,0.010923713741194704,0.035744583550559546,0.016042946,0.034857143,-0.0006102348,0.0124374945,0.0023117052580988,0.0194196996351237,0.010489539,0.008315652,0.04012269,0.080928914
357,0.014338191576664093,0.03069448021141769,0.015932592,0.028580166,0.0007459509,0.0073263706,0.001650507431867,0.0111346210512635,0.0032878097,-0.009796459,0.042017914,0.081385404
358,0.010772646372074153,0.01837556178340467,0.016097387,0.015364399,-0.0034400965,-0.011744154,0.0010299237302636,0.0043165398846505,0.009033394,-0.0014546617,0.025288073,0.038720198
359,0.004054164192641033,0.007586836111025736,0.00598437,0.0066094124,-0.0020041163,-0.0065789344,-0.0059411781384698,-0.0100437962220431,-0.003335871,-0.048554096,0.046512023,0.07285453
360,0.009041180303626455,0.01815267681212564,0.010909068,0.017646944,-0.0020228932,-0.0006995496,-0.0004489852609167,0.0099193216355565,0.0031130537,-0.0151442485,0.037132997,0.064686626
361,0.014248105750123143,0.0325828692282509,0.01935938,0.028549295,0.0026300326,0.0041465242,0.002526823566591,0.0169654988057679,0.015674282,0.012515092,0.04312437,0.07774623
362,0.016438652334570838,0.04256806329174641,0.018331701,0.041596685,0.0009606688,0.018051133,0.0026842552368396,0.0238426646134025,0.009048682,-0.0022880714,0.048803803,0.10624244
363,0.008744117065977915,-0.002380269043438332,0.011565696,-0.006500134,-0.0014512795,-0.025766384,-0.0012525493851305,-0.0136962137686673,0.009921135,-0.0010779621,0.019577643,0.009180026
364,0.0106517846176884,0.018311569506757452,0.01296636,0.018292867,-0.00045833684,-0.000996814,0.0005791568635507,0.0072067309631009,0.013475604,0.017106663,0.03327721,0.05797266
365,0.01655768300191623,0.022733676265721432,0.017450355,0.021990042,0.00034059057,-0.0027918885,0.0017480597938197,0.0075290876209328,0.013799082,0.01608449,0.04125575,0.06926023
366,0.016039554694791475,0.044270465217110894,0.016628265,0.040083256,-0.00013456625,0.017357606,0.0022379396336118,0.0261463097572514,0.01408496,0.016356979,0.028578129,0.06230245
367,0.019543480754403195,0.041982318793892234,0.021721328,0.03723172,-6.0394792e-05,0.0076747625,0.0034800894409095,0.0194481399262876,0.011057833,0.0025280956,0.02457966,0.048381407
368,0.010326358218124254,0.03430930600938286,0.015297159,0.03194673,-0.00068373646,0.010182162,0.0022219524569441,0.0165492151895157,0.008458712,0.0072721085,0.035698157,0.07747563
369,0.006812720946878116,0.0050153034343459815,0.008583629,0.0023225443,-0.00044162155,-0.012247339,-0.0032331310892519,-0.0071799382361685,-0.003756547,-0.04915309,0.041717198,0.0617409
370,0.012654408909311621,0.02107409493639381,0.01465191,0.021053724,0.0006992218,0.0004389626,-0.0015676890413697,0.001709788242229,0.0033687148,-0.023960037,0.04666655,0.075358845
371,0.01529651633790628,0.028960445810683733,0.018202823,0.027170159,-0.002765014,-0.00087151164,0.0030637431618576,0.0119913602844868,0.010300251,0.012727633,0.027144909,0.05211978
372,0.008668394077837318,0.01983774086077779,0.011855585,0.01586727,-0.0017215337,-0.0039821616,-0.0005332077993908,0.0031107580839104,0.013103894,0.0071738716,0.012444084,0.019957878
373,0.012552177281108315,0.030575912614531228,0.0176849,0.029024174,0.00011169658,0.0051771356,0.0017590341287939,0.0123624384077132,0.011231749,0.0075173387,0.01651703,0.033489965
374,0.025333784583896245,0.044121589362876995,0.025373494,0.04156158,0.00060911366,0.0081500495,0.0045906485495399,0.0171491390676198,0.011339724,0.012255228,0.045305144,0.091420725
375,0.0120504223912529,0.006620139849573601,0.0138836885,0.0038902988,-0.0018155427,-0.019128568,-0.0004753381604746,-0.0111886174421739,0.005017498,-0.017529115,0.038224522,0.048356272
376,0.016683994776436516,0.037203874996244966,0.018844938,0.035818044,0.00050780724,0.010726554,0.0025856613992346,0.0185454953191642,0.011817958,0.009560955,0.002428292,0.014659717
377,0.021981871271571068,0.053486419971110734,0.024977144,0.05269775,-0.0002241972,0.020233894,0.0068311204761886,0.0312304421529765,0.011988577,0.0036604656,0.049719978,0.10243241
378,0.01755728084729835,0.03920567843323705,0.01795132,0.035430558,0.0011289761,0.011846826,0.0005428004952696,0.0105998096510789,0.009089012,0.01123721,0.041981105,0.08017092
379,0.017429533189437012,0.03749916115613587,0.018735843,0.034620475,-0.0009804955,0.008048669,0.0029494940038901,0.0163662284044931,0.013669733,0.006851634,0.016881175,0.037617344
380,0.019870447854010483,0.043265411334211155,0.022792678,0.040679812,0.0003980621,0.010766505,0.0051618476903821,0.0235070148486589,0.015221615,0.007883609,0.020213619,0.043659788
381,0.02560511021553044,0.05645797198243021,0.027700853,0.052259937,0.0015564678,0.01788978,0.006304886807958,0.0231842550527649,0.010022706,-0.0041534244,0.042718288,0.09192989
382,0.01545770502488996,0.024361875733045688,0.019829737,0.023411358,0.00048522363,-0.003929013,0.0011838461292395,0.0053114079063743,0.0057937866,-0.020382432,0.039307084,0.064380944
383,0.011708339263885923,0.02377003735507152,0.012914909,0.02090379,4.0371666e-05,0.0028595882,0.0001869635855128,0.0100201521514221,0.0059839296,-0.009615181,0.04506177,0.07613815
384,0.02078266767529676,0.03577997923660976,0.022600334,0.03347158,0.0011997792,0.0036418452,0.0035812956203682,0.0135416570652313,0.007251823,-0.015587756,0.05007713,0.09252338
385,0.02069968449661162,0.060278258265693996,0.02660735,0.060074355,0.001950387,0.027531467,0.0051160677305166,0.0326097413725324,0.008625476,-0.010597037,0.045679152,0.10467983
386,0.004909065089754881,0.003920670424626602,0.010906558,0.0019821972,-0.0018826758,-0.01731472,-0.0011588124988312,-0.0032014131476671,0.0026214714,-0.02903709,0.035091337,0.04509606
387,0.01267316548820864,0.04063730982042501,0.014809915,0.03857713,-0.0004804732,0.017981548,0.0019881918705871,0.0263640638664404,0.0023605789,-0.019788034,0.06382418,0.1116601
388,0.020055625712820158,0.03733113189785196,0.021628223,0.036674824,0.0018855771,0.0093277665,0.0040335625744444,0.0178212660272502,0.013782546,0.010464885,0.012563052,0.030292934
389,0.012815483702270335,0.027681424537642513,0.015687713,0.025547551,0.0010010933,0.00394512,-3.278442590970974e-05,0.0144624697600262,0.0103010265,-0.016009135,0.05161207,0.0905003
390,0.015683250290443616,0.042585556734926616,0.016473643,0.03899988,-5.427218e-05,0.017138053,0.0032691509421719,0.0255869339333484,0.0046728193,-0.006149871,0.033417117,0.07787206
391,0.010583287621585231,0.018289136346488138,0.012980399,0.01703697,-0.00085575687,-0.0026035826,0.0008062686330206,0.0034401726218978,0.009639854,0.009942373,0.017605737,0.026961232
392,0.009533725360173502,0.025290244980460664,0.014833077,0.02415109,-0.0019187261,0.0015240804,0.0021136843973253,0.011057057986099,0.0060415557,-0.019351127,0.03343645,0.06372623
393,0.004476654715676744,0.005302943910920614,0.0047632405,0.00086248934,-0.01272537,-0.015026315,-0.0019177311717462,-0.0013663041676663,-0.008614624,-0.01001593,0.007265562,6.0815128e-05
394,0.011230583465524666,0.03034937437385762,0.013761285,0.029960288,0.0007252659,0.0120893605,0.0004745751071839,0.0170350955116516,0.008851617,0.0041571157,0.016694967,0.040156916
395,0.019385467166598485,0.025262482020698668,0.023104616,0.025225412,0.00038325865,-0.0077430564,-0.0001879524784034,-0.0026298228608581,0.016711092,-0.00296638,0.056833215,0.07976337
396,0.005816630985876506,0.01169352546949068,0.009998724,0.009060133,-0.0024959038,-0.008705173,-0.0009608801552655,0.0023299813195078,-0.0025600386,-0.034646917,0.02940187,0.04284259
397,0.010153428770403166,0.025294117305176826,0.0156234,0.025074488,-0.0013397324,0.0016941829,0.0020579149178513,0.0110755559712802,0.009781101,0.0062351027,0.016596133,0.0299288
398,0.010499156819958338,0.01511402401155801,0.013588299,0.012263486,-0.0009137692,-0.008744473,0.0001665302648552,-0.0029604483861422,0.012420563,-0.0024559284,0.0123761175,0.009730746
399,0.009767531432679697,0.022062071568449058,0.014180329,0.017409718,-0.0007290502,-0.0036416012,0.0002786436331316,0.0026862694687046,0.013346842,0.017298946,0.03070865,0.057074625
400,0.010093797385675667,0.019037337498303993,0.01595665,0.019013925,0.00095835386,-0.0032644395,-0.0002609521588373,0.0084338576350405,0.008708875,-0.024365025,0.050412394,0.08042836
401,0.01673636975372683,0.039712983749746814,0.02017703,0.0361726,-0.00068447937,0.008553598,0.0042126545628501,0.0157150377189376,0.00956089,-0.0017987817,0.037625257,0.072500154
402,0.008212031975338008,0.012458308348991837,0.00868373,0.00788618,-0.013743721,-0.020167792,-0.0016167674306056,0.0022757574723835,-0.011590688,-0.0077933487,0.022354888,0.021713583
403,0.0169870222357804,0.02507600412361115,0.022541594,0.023543444,-0.00084728614,-0.008545284,0.0039101997150178,0.006239885496871,0.012771856,0.002040875,0.022878503,0.027367678
404,0.014287299796979996,0.012276318942115883,0.014594404,0.010466592,-0.0016016176,-0.012370868,0.0005550219265925,-0.0001115444290194,0.006408078,-0.026223429,-0.014971555,-0.040701315
405,0.009867060971838643,0.02084712179711829,0.01289769,0.019604463,-0.00089619827,0.00019488877,0.0009263716064469,0.0126663119614807,0.005000616,-0.019903727,0.0011252833,0.0016087348
406,0.013339481589856643,0.011909974778113435,0.015820865,0.010904901,-0.00015587134,-0.012200024,0.000184808499256,-0.0039978703328881,0.01597448,0.0029619094,-0.015837306,-0.04765637
407,0.010927371786313138,0.022569358425545482,0.01565579,0.020807516,-0.00092715916,-0.0021592656,0.0003238900541386,0.002450230356689,0.007919609,-0.022020495,0.017997868,0.021315308
408,0.02076645498409585,0.051201054218598926,0.026112251,0.04794355,0.0021850727,0.016106635,0.0050846560476516,0.0231363948990191,0.014834332,0.0065700924,0.025559397,0.049368955
409,0.01845059275984932,0.04467060535051706,0.022548296,0.04202493,-0.0004544827,0.011811004,0.005776095892007,0.02458886308796,0.009077899,-0.008890142,0.043391384,0.08384434
410,0.01216001760266552,0.023095604566467823,0.014064679,0.019656686,-0.0019995738,-0.0027486885,0.0006031948821192,0.0080454902377366,0.013228091,0.01171516,0.008519937,0.013254479
411,0.010368988579315426,0.036366272543954456,0.015108747,0.032117523,0.00096716837,0.012639002,0.0003015843363286,0.0168346110176991,0.015975462,0.01873604,0.03684738,0.07546557
412,0.023403789542951487,0.0516843011781319,0.02374394,0.050222207,0.0008134959,0.019626474,0.0022595694372745,0.0226851534092614,0.020556467,0.022429455,0.023415478,0.051387027
413,0.010552404470923673,0.026017459490216072,0.012430676,0.0224906,0.00071762205,0.0052870517,-0.0007273972569573,0.010123407600937,0.010913854,-0.0005362389,0.03687046,0.06447042
414,0.017717479556662988,0.03657934603624242,0.020027915,0.03431969,-0.0004316057,0.0069116494,0.0026179016292668,0.017209036423706,0.014575845,0.0041557476,-0.006900042,-0.009767482
415,0.014096988814645899,0.02720193334520573,0.016693672,0.025011007,-0.002444417,-0.0008698829,0.0015565394133573,0.0103784011595178,0.011797535,0.008712334,0.011098451,0.018525159
416,0.028108443238914857,0.06395175588674612,0.028214956,0.05994293,0.0018423981,0.028562738,0.0096562620126389,0.0397587796674457,0.013993305,0.0077231866,0.041329652,0.09662899
